INSERT INTO authors (id, name)
	VALUES 
		(1, 'Richard Smit'),
		(2, 'Anna Rem'),
		(3, 'Liza Cloud'),
		(4, 'Dizi Rem'),
		(5, 'Tanya Rem'),
		(6, 'Dmitriy Rem'),
		(7, 'Jane Smit'),
		(8, 'Mila'),
		(9, 'Tom Cruise'),
		(10, 'Cristina Clark');
INSERT INTO genres (title)
	VALUES
		('pop'),
		('rock'),
		('rap'),
		('chanson'),
		('jazz'),
		('folk');
INSERT INTO genres_authors
	VALUES
		(1, 2),
		(2, 1),
		(2, 2),
		(2, 5),
		(3, 3),
		(4, 1),
		(4, 4),
		(4, 5),
		(5, 3),
		(5, 1),
		(6, 1),
		(7, 2),
		(8, 4),
		(9, 5),
		(9, 4),
		(10, 6);
INSERT INTO albums (title, year)
	VALUES
		('И грянул гром', 2021),
		('Радуга в небе', 2020),
		('Девчонки у костра', 2020),
		('Слезы счастья', 2017),
		('1000 ударов в минуту', 2022),
		('Дорога домой', 2011),
		('Одиночество не для нас', 2004),
		('Бесконечность - не предел', 2018),
		('Топ Топ Топ', 2018),
		('Любовь зла...', 2019);
INSERT INTO albums_authors  (album_id, author_id)
	VALUES
		(1, 1),
		(1, 2),
		(1, 10),
		(2, 4),
		(3, 3),
		(3, 6),
		(4, 5),
		(4, 8),
		(4, 9),
		(4, 7),
		(5, 4),
		(6, 3),
		(7, 8),
		(7, 7),
		(7, 6),
		(8, 2),
		(8, 1),
		(9, 8),
		(10, 10);	
INSERT INTO tracks (title, duration, album_id)
	VALUES
		('Я хочу свой дом', '00:03:15', 1),
		('Мой любимый заяц', '00:03:45', 3),
		('Его лучшая подружка', '00:03:55', 4),
		('Моя лучшая подружка', '00:03:47', 2),
		('Я не хочу домой', '00:03:50', 5),
		('Мой брат', '00:03:51', 6),
		('Её улыбка ', '00:03:59', 7),
		('Дивный сон', '00:03:11', 8),
		('Её красивые глаза', '00:03:17', 9),
		('Улетело лето', '00:03:35', 10),
		('Было да прошло', '00:03:39', 2),
		('Мой дом, моя крепость', '00:03:49', 3),
		('Она бежит за мной', '00:03:54', 5),
		('Она красивая, но мой дом лучше', '00:03:59', 6),
		('У него её глаза и мой нос', '00:03:51', 7),
		('Атака захлебнулась', '00:03:23', 8),
		('Мои глаза ...', '00:03:17', 9),
		('Что было, то прошло', '00:03:19', 10),
		('Один раз твой, один раз мой', '00:03:24', 2),
		('Ешки матрешки', '00:03:25', 2),
		('Она смотрит на меня', '00:03:26', 3),
		('Я смотрю на мой...', '00:03:11', 7);	
INSERT INTO collections (title, year)
	VALUES
		('Бибик лучший', 2012),
		('Огонь и вода', 2018),
		('Упс', 2020),
		('Труляля', 2021),
		('В долгий путь', 2019),
		('Звезды на небе', 2011),
		('Гора идет к Магомеду', 2020),
		('Упал, отжался', 2017),
		('Лучший сборник', 2013),
		('Моя душа', 2022);
INSERT INTO tracks_collections (track_id, collection_id)
	VALUES
		(1, 1),
		(2, 3),
		(3, 5),
		(4, 7),
		(5, 9),
		(6, 2),
		(7, 4),
		(8, 1),
		(9, 2),
		(10, 6),
		(11, null),
		(12, 7),
		(13, 9),
		(14, 10),
		(15, 2),
		(16, 3),
		(17, 4),
		(18, null),
		(19, 6),
		(20, 7),
		(21, 9),
		(22, 1),
		(3, 2),
		(7, 6),
		(9, 4),
		(12, 3),
		(15, 3),
		(19, 7),
		(4, 8),
		(4, 9),
		(8, 5),
		(16, 2),
		(21, 7),
		(17, 8);
	






